2022/06/02 15:25:23,14
2022/06/02 16:31:08,15
2022/07/03 06:04:10,35
2022/07/03 19:04:41,47
2022/07/04 00:54:50,48
2022/07/05 02:39:04,50
2022/07/07 03:50:53,58
2022/07/09 12:11:58,63
2022/07/12 13:06:26,72
2022/07/14 08:11:19,74
2022/07/15 04:34:23,77
2022/07/15 13:51:56,79
2022/07/15 16:46:36,80
2022/07/16 16:35:22,82
2022/07/17 15:34:20,83
2022/07/20 21:57:29,94
2022/07/25 01:37:20,103
2022/07/27 02:07:47,110
2022/08/03 03:18:19,130
2022/08/10 13:37:23,147
2022/08/16 23:51:49,158
2022/08/24 19:31:05,176
2022/08/30 05:36:38,188
2022/09/01 01:23:40,194
2022/09/11 13:53:16,219
2022/09/14 23:28:25,225
2022/09/25 01:36:43,254
2022/10/01 17:09:08,269
2022/10/16 23:56:56,305
2022/10/25 19:49:42,328
2022/11/04 00:22:39,358
2022/11/27 03:27:54,431
2022/12/06 22:17:56,449
2023/01/22 05:10:42,552
2023/02/11 19:50:08,593
2023/02/23 23:30:07,621
2023/03/23 14:15:08,698
2023/04/15 14:24:47,739
2023/05/01 23:47:54,782
2023/05/08 14:16:25,795
2023/05/20 13:14:24,827
2023/06/12 14:38:34,901
2023/06/14 03:44:26,910
2023/06/14 20:43:25,912
2023/07/17 01:54:57,1006
2023/08/11 17:30:34,1137
