2021/06/08 17:31:24,193
2021/10/11 20:35:51,194
2022/02/06 20:22:03,193
2022/05/13 19:49:18,192
2022/05/26 11:47:25,195
2022/07/03 19:04:41,194
2022/07/03 22:24:40,195
2022/07/04 00:54:50,196
2022/07/04 03:55:31,194
2022/07/05 02:39:04,197
2022/07/07 03:50:53,194
2022/07/09 12:11:58,195
2022/07/12 13:06:26,193
2022/07/14 08:11:19,196
2022/07/15 04:34:23,194
2022/07/15 13:51:55,193
2022/07/15 16:46:36,192
2022/07/16 16:35:22,195
2022/07/20 21:57:29,194
2022/07/25 01:37:20,195
2022/07/27 02:07:47,194
2022/08/03 03:18:19,195
2022/08/24 19:31:05,193
2022/08/30 05:36:38,194
2022/09/11 13:53:16,196
2022/09/14 23:28:25,194
2022/09/25 01:36:43,195
2022/10/01 17:09:08,193
2022/10/16 23:56:56,194
2022/10/25 19:49:42,195
2022/11/04 00:22:39,194
2022/12/06 22:17:56,195
2023/02/23 23:30:07,194
2023/03/23 14:15:08,193
2023/04/15 14:24:47,195
2023/05/01 23:47:54,191
2023/05/08 14:16:25,194
2023/06/12 14:38:34,195
2023/06/14 20:43:25,194
2023/07/17 01:54:57,195
2023/08/11 17:30:34,194
