2022/07/12 13:09:13,127
2022/07/14 08:11:19,147
2022/07/15 04:34:23,154
2022/07/15 13:51:56,155
2022/07/16 16:35:22,159
2022/07/17 15:34:20,161
2022/07/20 21:57:29,195
2022/07/25 01:37:20,218
2022/07/27 02:07:47,247
2022/08/03 03:18:19,315
2022/08/10 13:37:23,400
2022/08/16 23:51:49,473
2022/08/24 19:31:05,548
2022/08/30 05:36:38,595
2022/09/01 01:23:40,609
2022/09/11 13:53:16,683
2022/09/14 23:28:25,705
2022/09/25 01:36:43,774
2022/10/01 17:09:08,821
2022/10/16 23:56:56,941
2022/10/25 19:49:42,1013
2022/11/04 00:22:39,1118
2022/11/27 03:27:54,1319
2022/12/06 22:17:56,1435
2023/01/22 05:10:42,1771
2023/02/11 19:50:08,1887
2023/02/23 23:30:07,1988
2023/03/23 14:15:08,2217
2023/04/15 14:24:47,2426
2023/05/01 23:47:54,2564
2023/05/08 14:16:25,2614
2023/05/20 13:14:24,2699
2023/06/12 14:38:34,2904
2023/06/14 03:44:26,2928
2023/06/14 20:43:25,2936
2023/07/17 01:54:57,3249
2023/08/11 17:30:34,3464
