2022/06/02 15:25:23,31
2022/06/02 16:31:08,27
2022/07/03 19:04:41,32
2022/07/03 22:24:40,30
2022/07/04 00:54:50,27
2022/07/05 02:39:04,28
2022/07/05 06:18:32,31
2022/07/07 03:50:53,27
2022/07/09 12:11:58,24
2022/07/12 13:06:26,22
2022/07/14 08:11:19,27
2022/07/15 04:34:23,26
2022/07/15 13:51:56,22
2022/07/15 16:46:36,23
2022/07/17 15:34:20,26
2022/07/27 02:07:47,27
2022/08/24 19:31:05,32
2022/08/30 05:36:38,28
2022/09/01 01:23:40,31
2022/09/11 13:53:16,24
2022/09/14 23:28:25,27
2022/09/25 01:36:43,25
2022/10/01 17:09:08,26
2022/10/16 23:56:56,27
2022/10/25 19:49:42,25
2022/11/04 00:22:39,30
2022/11/27 03:27:54,27
2022/12/06 22:17:56,26
2023/03/23 14:15:08,28
2023/04/15 14:24:47,23
2023/05/01 23:47:54,26
2023/05/08 14:16:25,25
2023/05/20 13:14:24,27
2023/06/12 14:38:34,26
2023/06/14 03:44:26,24
2023/06/14 20:43:25,27
2023/07/17 01:54:57,33
2023/08/11 17:30:34,27
