2022/06/02 15:25:23,0
2022/07/03 06:04:10,2
2022/07/07 09:03:06,3
2022/07/27 02:07:47,4
2022/08/03 03:18:19,5
2022/08/10 13:37:23,7
2022/08/16 23:51:49,8
2022/08/24 19:31:05,9
2022/08/30 05:36:38,10
2022/09/11 13:53:16,11
2022/09/14 23:28:25,12
2022/09/25 01:36:43,13
2022/10/16 23:56:56,15
2022/10/25 19:49:42,16
2022/11/04 00:22:39,17
2022/11/27 03:27:54,19
2022/12/06 22:17:56,20
2023/01/22 05:10:42,23
2023/02/11 19:50:08,25
2023/02/23 23:30:07,27
2023/03/23 14:15:08,30
2023/04/15 14:24:47,33
2023/05/01 23:47:54,35
2023/05/20 13:14:24,37
2023/06/12 14:38:34,40
2023/07/17 01:54:57,45
2023/08/11 17:30:34,50
