2021/06/08 17:31:24,2388
2021/10/11 20:35:51,2904
2021/12/02 21:17:44,3078
2022/02/06 20:22:03,3197
2022/05/13 19:49:18,3332
2022/05/26 11:47:25,3355
2022/07/03 19:04:41,3469
2022/07/04 00:54:50,3470
2022/07/05 02:39:04,3472
2022/07/07 03:50:53,3480
2022/07/09 12:11:58,3485
2022/07/12 13:06:26,3494
2022/07/14 08:11:19,3496
2022/07/15 04:34:23,3499
2022/07/15 13:51:55,3501
2022/07/15 16:46:36,3502
2022/07/16 16:35:22,3504
2022/07/17 15:34:20,3505
2022/07/20 21:57:29,3516
2022/07/25 01:37:20,3525
2022/07/27 02:07:47,3532
2022/08/03 03:18:19,3552
2022/08/10 13:37:23,3569
2022/08/16 23:51:49,3580
2022/08/24 19:31:05,3598
2022/08/30 05:36:38,3610
2022/09/01 01:23:40,3616
2022/09/11 13:53:16,3641
2022/09/14 23:28:25,3647
2022/09/25 01:36:43,3676
2022/10/01 17:09:08,3691
2022/10/16 23:56:56,3727
2022/10/25 19:49:42,3750
2022/11/04 00:22:39,3780
2022/11/27 03:27:54,3853
2022/12/06 22:17:56,3871
2023/01/22 05:10:42,3974
2023/02/11 19:50:08,4015
2023/02/23 23:30:07,4043
2023/03/23 14:15:08,4124
2023/04/15 14:24:47,4166
2023/05/01 23:47:54,4209
2023/05/08 14:16:25,4222
2023/05/20 13:14:24,4254
2023/06/12 14:38:34,4328
2023/06/14 03:44:26,4337
2023/06/14 20:43:25,4339
2023/07/17 01:54:57,4431
2023/08/11 17:30:34,4562
